epoch,time,train/box_loss,train/cls_loss,train/l1_loss,metrics/precision(B),metrics/recall(B),metrics/mAP50(B),metrics/mAP50-95(B),val/box_loss,val/cls_loss,val/l1_loss,lr/pg0,lr/pg1,lr/pg2
1,156.934,2.84524,4.74842,0.05013,0.20155,0.1583,0.0837,0.02968,2.20037,3.69321,0.02987,0.00333098,0.00333098,0.0700212
2,294.612,1.88125,3.03087,0.02372,0.36532,0.26767,0.24024,0.09848,1.95728,2.94298,0.02563,0.00653236,0.00653236,0.0398892
3,432.742,1.81292,2.60523,0.02219,0.45585,0.31049,0.30338,0.13008,1.97893,2.65962,0.02611,0.00960174,0.00960174,0.00962525
4,570.179,1.79263,2.3884,0.02144,0.56476,0.38086,0.41512,0.20165,1.8569,2.28287,0.02364,0.009406,0.009406,0.009406
5,707.535,1.74706,2.23499,0.02054,0.62501,0.41496,0.46793,0.23547,1.78376,2.14829,0.02237,0.009208,0.009208,0.009208
6,844.989,1.72261,2.14725,0.02014,0.62379,0.43517,0.48983,0.25551,1.72151,2.06829,0.02103,0.00901,0.00901,0.00901
7,982.055,1.70677,2.08703,0.01973,0.63686,0.45191,0.5121,0.27122,1.72524,1.99555,0.02135,0.008812,0.008812,0.008812
8,1119.01,1.69531,2.04116,0.01955,0.66068,0.46128,0.52658,0.28125,1.71985,1.93475,0.02156,0.008614,0.008614,0.008614
9,1256.7,1.68912,2.00702,0.01931,0.66354,0.47274,0.5374,0.28986,1.70056,1.88886,0.02111,0.008416,0.008416,0.008416
10,1393.74,1.68025,1.97996,0.01919,0.67776,0.4728,0.5445,0.29574,1.68887,1.86924,0.02084,0.008218,0.008218,0.008218
11,1533.88,1.67581,1.9557,0.01909,0.67884,0.4789,0.55072,0.30007,1.68366,1.8466,0.0207,0.00802,0.00802,0.00802
12,1671.31,1.66581,1.93682,0.01891,0.676,0.48374,0.55379,0.30249,1.67725,1.83523,0.02058,0.007822,0.007822,0.007822
13,1809.06,1.65911,1.9261,0.01874,0.68382,0.48285,0.55617,0.30478,1.66826,1.83542,0.02038,0.007624,0.007624,0.007624
14,1946.56,1.65014,1.90752,0.01872,0.68487,0.4833,0.55759,0.30654,1.66433,1.82792,0.02033,0.007426,0.007426,0.007426
15,2083.31,1.64485,1.90137,0.01853,0.68711,0.48336,0.55847,0.30733,1.6622,1.82631,0.02029,0.007228,0.007228,0.007228
16,2222.78,1.63867,1.88191,0.01848,0.68337,0.48748,0.5595,0.30806,1.66058,1.82949,0.02027,0.00703,0.00703,0.00703
17,2363.05,1.63631,1.86843,0.01835,0.68202,0.48786,0.559,0.30826,1.66155,1.82962,0.02027,0.006832,0.006832,0.006832
18,2501.78,1.63119,1.86013,0.01829,0.68441,0.48673,0.55888,0.30828,1.66256,1.83078,0.02029,0.006634,0.006634,0.006634
19,2640.89,1.62804,1.85175,0.01817,0.68509,0.48718,0.55875,0.30811,1.66234,1.83757,0.02029,0.006436,0.006436,0.006436
20,2779.97,1.62321,1.83517,0.01812,0.68794,0.48514,0.55787,0.3078,1.66308,1.84205,0.02032,0.006238,0.006238,0.006238
21,2918.85,1.61679,1.828,0.01805,0.69068,0.48285,0.55736,0.30772,1.66183,1.84841,0.02031,0.00604,0.00604,0.00604
22,3057.07,1.6153,1.81964,0.01792,0.69274,0.47974,0.55692,0.30796,1.66079,1.85276,0.02028,0.005842,0.005842,0.005842
23,3196.24,1.60991,1.80933,0.01785,0.69638,0.4777,0.55634,0.30775,1.65967,1.8589,0.02027,0.005644,0.005644,0.005644
24,3335.59,1.60328,1.80222,0.01778,0.69699,0.4756,0.55532,0.30757,1.66241,1.86234,0.02037,0.005446,0.005446,0.005446
25,3474.92,1.60252,1.79221,0.01772,0.69948,0.47465,0.55461,0.30739,1.66386,1.86823,0.02042,0.005248,0.005248,0.005248
26,3613.66,1.59546,1.78765,0.01763,0.70148,0.47204,0.5534,0.30698,1.66377,1.87797,0.02043,0.00505,0.00505,0.00505
27,3753.23,1.59372,1.78117,0.01753,0.70369,0.46866,0.5525,0.30687,1.66497,1.88292,0.02049,0.004852,0.004852,0.004852
28,3892.8,1.58843,1.76957,0.01748,0.70799,0.46574,0.55165,0.30643,1.66526,1.89155,0.02054,0.004654,0.004654,0.004654
29,4031.94,1.58413,1.76346,0.01737,0.71131,0.46122,0.5504,0.30623,1.66546,1.89806,0.02061,0.004456,0.004456,0.004456
30,4171.1,1.57885,1.75279,0.01733,0.71738,0.45594,0.54867,0.30551,1.66854,1.90538,0.02069,0.004258,0.004258,0.004258
31,4310.39,1.57283,1.74546,0.01712,0.71835,0.45406,0.54792,0.30525,1.66732,1.91282,0.02067,0.00406,0.00406,0.00406
32,4448.98,1.56633,1.73743,0.01706,0.72391,0.44856,0.54571,0.30469,1.66782,1.92429,0.02072,0.003862,0.003862,0.003862
33,4593.42,1.56076,1.72893,0.01697,0.72402,0.44678,0.54434,0.30353,1.66909,1.94012,0.02075,0.003664,0.003664,0.003664
34,4732.4,1.55574,1.71918,0.01688,0.72954,0.4422,0.54224,0.30243,1.67018,1.95539,0.02081,0.003466,0.003466,0.003466
35,4871.7,1.54781,1.7119,0.01672,0.73004,0.43891,0.5402,0.30095,1.67171,1.96974,0.02086,0.003268,0.003268,0.003268
36,5010.58,1.54305,1.69909,0.01664,0.73275,0.43507,0.5381,0.30002,1.67211,1.98242,0.02089,0.00307,0.00307,0.00307
37,5149.71,1.54151,1.68958,0.01658,0.73468,0.43144,0.53566,0.29882,1.67223,1.99726,0.02094,0.002872,0.002872,0.002872
38,5288.55,1.53407,1.67863,0.01642,0.73927,0.42809,0.5343,0.29811,1.67408,2.0116,0.02099,0.002674,0.002674,0.002674
